task_a_id,task_b_id,task_a_subject,task_b_subject,order,choice,raw_response,success,error,response_time,api_call_id,timestamp,winner_id,winner_subject
0,1,abstract_algebra,anatomy,AB,A,A,True,,0.2856009006500244,1,2025-07-20T02:46:30.383430,0,abstract_algebra
1,0,anatomy,abstract_algebra,BA,B,B,True,,0.31943845748901367,2,2025-07-20T02:46:30.702907,0,abstract_algebra
0,1,abstract_algebra,anatomy,AB,A,A,True,,0.25986671447753906,3,2025-07-20T02:46:30.962805,0,abstract_algebra
1,0,anatomy,abstract_algebra,BA,B,B,True,,0.6193709373474121,4,2025-07-20T02:46:31.582207,0,abstract_algebra
0,2,abstract_algebra,astronomy,AB,A,A,True,,0.5285484790802002,5,2025-07-20T02:46:32.110790,0,abstract_algebra
2,0,astronomy,abstract_algebra,BA,A,A,True,,0.2935760021209717,6,2025-07-20T02:46:32.404396,2,astronomy
0,2,abstract_algebra,astronomy,AB,A,A,True,,0.2963261604309082,7,2025-07-20T02:46:32.700751,0,abstract_algebra
2,0,astronomy,abstract_algebra,BA,A,A,True,,0.2665669918060303,8,2025-07-20T02:46:32.967351,2,astronomy
0,3,abstract_algebra,business_ethics,AB,A,A,True,,0.3408091068267822,9,2025-07-20T02:46:33.308191,0,abstract_algebra
3,0,business_ethics,abstract_algebra,BA,B,B,True,,0.30727314949035645,10,2025-07-20T02:46:33.615489,0,abstract_algebra
0,4,abstract_algebra,clinical_knowledge,AB,A,A,True,,0.25899529457092285,11,2025-07-20T02:46:33.874508,0,abstract_algebra
4,0,clinical_knowledge,abstract_algebra,BA,B,B,True,,0.2882344722747803,12,2025-07-20T02:46:34.162774,0,abstract_algebra
0,5,abstract_algebra,college_biology,AB,A,A,True,,0.1994638442993164,13,2025-07-20T02:46:34.362270,0,abstract_algebra
5,0,college_biology,abstract_algebra,BA,B,B,True,,0.3121342658996582,14,2025-07-20T02:46:34.674434,0,abstract_algebra
1,2,anatomy,astronomy,AB,A,A,True,,0.3080284595489502,15,2025-07-20T02:46:34.982499,1,anatomy
2,1,astronomy,anatomy,BA,A,A,True,,0.27199625968933105,16,2025-07-20T02:46:35.254526,2,astronomy
1,2,anatomy,astronomy,AB,A,A,True,,0.4110860824584961,17,2025-07-20T02:46:35.665642,1,anatomy
2,1,astronomy,anatomy,BA,A,A,True,,0.25602126121520996,18,2025-07-20T02:46:35.921712,2,astronomy
1,3,anatomy,business_ethics,AB,A,A,True,,0.3516733646392822,19,2025-07-20T02:46:36.273411,1,anatomy
3,1,business_ethics,anatomy,BA,B,B,True,,0.2583494186401367,20,2025-07-20T02:46:36.531790,1,anatomy
1,3,anatomy,business_ethics,AB,A,A,True,,0.4102060794830322,21,2025-07-20T02:46:36.942035,1,anatomy
3,1,business_ethics,anatomy,BA,B,B,True,,0.2253284454345703,22,2025-07-20T02:46:37.167404,1,anatomy
1,4,anatomy,clinical_knowledge,AB,A,A,True,,0.2995615005493164,23,2025-07-20T02:46:37.466999,1,anatomy
4,1,clinical_knowledge,anatomy,BA,A,A,True,,0.23850464820861816,24,2025-07-20T02:46:37.705535,4,clinical_knowledge
1,5,anatomy,college_biology,AB,A,A,True,,0.3085973262786865,25,2025-07-20T02:46:38.014167,1,anatomy
5,1,college_biology,anatomy,BA,A,A,True,,0.24238348007202148,26,2025-07-20T02:46:38.256581,5,college_biology
1,6,anatomy,college_chemistry,AB,B,B,True,,0.2710416316986084,27,2025-07-20T02:46:38.527649,6,college_chemistry
6,1,college_chemistry,anatomy,BA,A,A,True,,0.3549172878265381,28,2025-07-20T02:46:38.882592,6,college_chemistry
2,3,astronomy,business_ethics,AB,A,A,True,,0.2814476490020752,29,2025-07-20T02:46:39.164069,2,astronomy
3,2,business_ethics,astronomy,BA,B,B,True,,0.24165058135986328,30,2025-07-20T02:46:39.405756,2,astronomy
2,3,astronomy,business_ethics,AB,A,A,True,,0.2600226402282715,31,2025-07-20T02:46:39.665809,2,astronomy
3,2,business_ethics,astronomy,BA,B,B,True,,0.24047422409057617,32,2025-07-20T02:46:39.906315,2,astronomy
2,4,astronomy,clinical_knowledge,AB,A,A,True,,0.2929527759552002,33,2025-07-20T02:46:40.199292,2,astronomy
4,2,clinical_knowledge,astronomy,BA,B,B,True,,0.49252820014953613,34,2025-07-20T02:46:40.691853,2,astronomy
2,4,astronomy,clinical_knowledge,AB,A,A,True,,0.31883811950683594,35,2025-07-20T02:46:41.010722,2,astronomy
4,2,clinical_knowledge,astronomy,BA,B,B,True,,0.2456519603729248,36,2025-07-20T02:46:41.256399,2,astronomy
2,5,astronomy,college_biology,AB,A,A,True,,0.23192310333251953,37,2025-07-20T02:46:41.488347,2,astronomy
5,2,college_biology,astronomy,BA,B,B,True,,0.20841026306152344,38,2025-07-20T02:46:41.696787,2,astronomy
2,6,astronomy,college_chemistry,AB,A,A,True,,0.345473051071167,39,2025-07-20T02:46:42.042293,2,astronomy
6,2,college_chemistry,astronomy,BA,A,A,True,,0.19815921783447266,40,2025-07-20T02:46:42.240507,6,college_chemistry
2,7,astronomy,college_computer_science,AB,A,A,True,,0.430039644241333,41,2025-07-20T02:46:42.670580,2,astronomy
7,2,college_computer_science,astronomy,BA,A,A,True,,0.33574533462524414,42,2025-07-20T02:46:43.006359,7,college_computer_science
3,4,business_ethics,clinical_knowledge,AB,B,B,True,,0.2972855567932129,43,2025-07-20T02:46:43.303677,4,clinical_knowledge
4,3,clinical_knowledge,business_ethics,BA,A,A,True,,0.3206758499145508,44,2025-07-20T02:46:43.624382,4,clinical_knowledge
3,4,business_ethics,clinical_knowledge,AB,B,B,True,,0.28290605545043945,45,2025-07-20T02:46:43.907314,4,clinical_knowledge
4,3,clinical_knowledge,business_ethics,BA,A,A,True,,0.3279600143432617,46,2025-07-20T02:46:44.235303,4,clinical_knowledge
3,5,business_ethics,college_biology,AB,B,B,True,,1.5824429988861084,47,2025-07-20T02:46:45.817782,5,college_biology
5,3,college_biology,business_ethics,BA,A,A,True,,0.26475977897644043,48,2025-07-20T02:46:46.082575,5,college_biology
3,5,business_ethics,college_biology,AB,B,B,True,,0.2409040927886963,49,2025-07-20T02:46:46.323507,5,college_biology
5,3,college_biology,business_ethics,BA,A,A,True,,0.34956932067871094,50,2025-07-20T02:46:46.673106,5,college_biology
3,6,business_ethics,college_chemistry,AB,B,B,True,,0.39200448989868164,51,2025-07-20T02:46:47.065145,6,college_chemistry
6,3,college_chemistry,business_ethics,BA,A,A,True,,0.2846059799194336,52,2025-07-20T02:46:47.349787,6,college_chemistry
3,7,business_ethics,college_computer_science,AB,B,B,True,,0.28888535499572754,53,2025-07-20T02:46:47.638708,7,college_computer_science
7,3,college_computer_science,business_ethics,BA,A,A,True,,0.19304990768432617,54,2025-07-20T02:46:47.831792,7,college_computer_science
3,8,business_ethics,college_mathematics,AB,B,B,True,,0.2901911735534668,55,2025-07-20T02:46:48.122016,8,college_mathematics
8,3,college_mathematics,business_ethics,BA,A,A,True,,0.2824404239654541,56,2025-07-20T02:46:48.404491,8,college_mathematics
4,5,clinical_knowledge,college_biology,AB,B,B,True,,0.31559062004089355,57,2025-07-20T02:46:48.720111,5,college_biology
5,4,college_biology,clinical_knowledge,BA,B,B,True,,0.3391897678375244,58,2025-07-20T02:46:49.059329,4,clinical_knowledge
4,5,clinical_knowledge,college_biology,AB,B,B,True,,0.26723194122314453,59,2025-07-20T02:46:49.326589,5,college_biology
5,4,college_biology,clinical_knowledge,BA,B,B,True,,0.21340084075927734,60,2025-07-20T02:46:49.540022,4,clinical_knowledge
4,6,clinical_knowledge,college_chemistry,AB,A,A,True,,0.26750636100769043,61,2025-07-20T02:46:49.807555,4,clinical_knowledge
6,4,college_chemistry,clinical_knowledge,BA,A,A,True,,0.23169159889221191,62,2025-07-20T02:46:50.039278,6,college_chemistry
4,6,clinical_knowledge,college_chemistry,AB,B,B,True,,0.23174142837524414,63,2025-07-20T02:46:50.271051,6,college_chemistry
6,4,college_chemistry,clinical_knowledge,BA,A,A,True,,0.3246591091156006,64,2025-07-20T02:46:50.595739,6,college_chemistry
4,7,clinical_knowledge,college_computer_science,AB,B,B,True,,0.2854785919189453,65,2025-07-20T02:46:50.881250,7,college_computer_science
7,4,college_computer_science,clinical_knowledge,BA,A,A,True,,0.25850844383239746,66,2025-07-20T02:46:51.139793,7,college_computer_science
4,8,clinical_knowledge,college_mathematics,AB,B,B,True,,0.31502556800842285,67,2025-07-20T02:46:51.454848,8,college_mathematics
8,4,college_mathematics,clinical_knowledge,BA,A,A,True,,0.35521650314331055,68,2025-07-20T02:46:51.810093,8,college_mathematics
4,9,clinical_knowledge,college_medicine,AB,A,A,True,,0.3284327983856201,69,2025-07-20T02:46:52.138561,4,clinical_knowledge
9,4,college_medicine,clinical_knowledge,BA,A,A,True,,0.2510986328125,70,2025-07-20T02:46:52.389694,9,college_medicine
5,6,college_biology,college_chemistry,AB,A,A,True,,0.2553834915161133,71,2025-07-20T02:46:52.645109,5,college_biology
6,5,college_chemistry,college_biology,BA,A,A,True,,0.4179191589355469,72,2025-07-20T02:46:53.063065,6,college_chemistry
5,6,college_biology,college_chemistry,AB,A,A,True,,0.24954867362976074,73,2025-07-20T02:46:53.312652,5,college_biology
6,5,college_chemistry,college_biology,BA,A,A,True,,0.2231273651123047,74,2025-07-20T02:46:53.535817,6,college_chemistry
5,7,college_biology,college_computer_science,AB,A,A,True,,0.24754714965820312,75,2025-07-20T02:46:53.783397,5,college_biology
7,5,college_computer_science,college_biology,BA,A,A,True,,0.3843832015991211,76,2025-07-20T02:46:54.167806,7,college_computer_science
5,7,college_biology,college_computer_science,AB,A,A,True,,0.3183913230895996,77,2025-07-20T02:46:54.486226,5,college_biology
7,5,college_computer_science,college_biology,BA,A,A,True,,0.25828051567077637,78,2025-07-20T02:46:54.744542,7,college_computer_science
5,8,college_biology,college_mathematics,AB,B,B,True,,0.2705824375152588,79,2025-07-20T02:46:55.015161,8,college_mathematics
8,5,college_mathematics,college_biology,BA,A,A,True,,0.3416604995727539,80,2025-07-20T02:46:55.356854,8,college_mathematics
5,9,college_biology,college_medicine,AB,A,A,True,,0.2216944694519043,81,2025-07-20T02:46:55.578580,5,college_biology
9,5,college_medicine,college_biology,BA,A,A,True,,0.29439878463745117,82,2025-07-20T02:46:55.873013,9,college_medicine
5,10,college_biology,college_physics,AB,B,B,True,,0.25926828384399414,83,2025-07-20T02:46:56.132315,10,college_physics
10,5,college_physics,college_biology,BA,A,A,True,,0.2797203063964844,84,2025-07-20T02:46:56.412068,10,college_physics
6,7,college_chemistry,college_computer_science,AB,A,A,True,,0.3222217559814453,85,2025-07-20T02:46:56.734316,6,college_chemistry
7,6,college_computer_science,college_chemistry,BA,A,A,True,,0.2988729476928711,86,2025-07-20T02:46:57.033216,7,college_computer_science
6,7,college_chemistry,college_computer_science,AB,A,A,True,,0.28554534912109375,87,2025-07-20T02:46:57.318788,6,college_chemistry
7,6,college_computer_science,college_chemistry,BA,A,A,True,,0.4747433662414551,88,2025-07-20T02:46:57.793566,7,college_computer_science
6,8,college_chemistry,college_mathematics,AB,A,A,True,,0.233140230178833,89,2025-07-20T02:46:58.026741,6,college_chemistry
8,6,college_mathematics,college_chemistry,BA,A,A,True,,0.3229353427886963,90,2025-07-20T02:46:58.349712,8,college_mathematics
6,8,college_chemistry,college_mathematics,AB,A,A,True,,0.22646164894104004,91,2025-07-20T02:46:58.576209,6,college_chemistry
8,6,college_mathematics,college_chemistry,BA,A,A,True,,0.3139462471008301,92,2025-07-20T02:46:58.890189,8,college_mathematics
6,9,college_chemistry,college_medicine,AB,A,A,True,,0.2016913890838623,93,2025-07-20T02:46:59.091914,6,college_chemistry
9,6,college_medicine,college_chemistry,BA,A,A,True,,0.31328821182250977,94,2025-07-20T02:46:59.405229,9,college_medicine
6,10,college_chemistry,college_physics,AB,A,A,True,,0.20967388153076172,95,2025-07-20T02:46:59.614933,6,college_chemistry
10,6,college_physics,college_chemistry,BA,A,A,True,,0.36034202575683594,96,2025-07-20T02:46:59.975309,10,college_physics
6,11,college_chemistry,computer_security,AB,A,A,True,,0.22241497039794922,97,2025-07-20T02:47:00.197760,6,college_chemistry
11,6,computer_security,college_chemistry,BA,A,A,True,,0.33272624015808105,98,2025-07-20T02:47:00.530523,11,computer_security
7,8,college_computer_science,college_mathematics,AB,B,B,True,,0.2625904083251953,99,2025-07-20T02:47:00.793148,8,college_mathematics
8,7,college_mathematics,college_computer_science,BA,A,A,True,,0.24037933349609375,100,2025-07-20T02:47:01.033563,8,college_mathematics
7,8,college_computer_science,college_mathematics,AB,B,B,True,,0.2447962760925293,101,2025-07-20T02:47:01.278432,8,college_mathematics
8,7,college_mathematics,college_computer_science,BA,A,A,True,,0.26952219009399414,102,2025-07-20T02:47:01.547983,8,college_mathematics
7,9,college_computer_science,college_medicine,AB,A,A,True,,0.25665283203125,103,2025-07-20T02:47:01.804659,7,college_computer_science
9,7,college_medicine,college_computer_science,BA,A,A,True,,0.2897043228149414,104,2025-07-20T02:47:02.094391,9,college_medicine
7,9,college_computer_science,college_medicine,AB,A,A,True,,0.28339624404907227,105,2025-07-20T02:47:02.377816,7,college_computer_science
9,7,college_medicine,college_computer_science,BA,A,A,True,,1.3164341449737549,106,2025-07-20T02:47:03.694282,9,college_medicine
7,10,college_computer_science,college_physics,AB,A,A,True,,0.3112020492553711,107,2025-07-20T02:47:04.005514,7,college_computer_science
10,7,college_physics,college_computer_science,BA,A,A,True,,0.2892615795135498,108,2025-07-20T02:47:04.294801,10,college_physics
7,11,college_computer_science,computer_security,AB,B,B,True,,0.2647099494934082,109,2025-07-20T02:47:04.559536,11,computer_security
11,7,computer_security,college_computer_science,BA,A,A,True,,0.38008737564086914,110,2025-07-20T02:47:04.939651,11,computer_security
7,12,college_computer_science,conceptual_physics,AB,B,B,True,,0.3660731315612793,111,2025-07-20T02:47:05.305761,12,conceptual_physics
12,7,conceptual_physics,college_computer_science,BA,A,A,True,,0.31709718704223633,112,2025-07-20T02:47:05.622892,12,conceptual_physics
8,9,college_mathematics,college_medicine,AB,A,A,True,,0.375948429107666,113,2025-07-20T02:47:05.998874,8,college_mathematics
9,8,college_medicine,college_mathematics,BA,A,A,True,,0.30572509765625,114,2025-07-20T02:47:06.304633,9,college_medicine
8,9,college_mathematics,college_medicine,AB,A,A,True,,0.2566087245941162,115,2025-07-20T02:47:06.561273,8,college_mathematics
9,8,college_medicine,college_mathematics,BA,A,A,True,,0.2513606548309326,116,2025-07-20T02:47:06.812664,9,college_medicine
8,10,college_mathematics,college_physics,AB,A,A,True,,0.30546140670776367,117,2025-07-20T02:47:07.118151,8,college_mathematics
10,8,college_physics,college_mathematics,BA,A,A,True,,0.2412707805633545,118,2025-07-20T02:47:07.359451,10,college_physics
8,10,college_mathematics,college_physics,AB,A,A,True,,0.257676362991333,119,2025-07-20T02:47:07.617158,8,college_mathematics
10,8,college_physics,college_mathematics,BA,A,A,True,,0.31922030448913574,120,2025-07-20T02:47:07.936410,10,college_physics
8,11,college_mathematics,computer_security,AB,B,B,True,,0.2216789722442627,121,2025-07-20T02:47:08.158125,11,computer_security
11,8,computer_security,college_mathematics,BA,A,A,True,,0.39333105087280273,122,2025-07-20T02:47:08.551491,11,computer_security
8,12,college_mathematics,conceptual_physics,AB,A,A,True,,0.33919811248779297,123,2025-07-20T02:47:08.890725,8,college_mathematics
12,8,conceptual_physics,college_mathematics,BA,A,A,True,,0.27268552780151367,124,2025-07-20T02:47:09.163440,12,conceptual_physics
8,13,college_mathematics,econometrics,AB,B,B,True,,0.26989269256591797,125,2025-07-20T02:47:09.433358,13,econometrics
13,8,econometrics,college_mathematics,BA,A,A,True,,0.3528726100921631,126,2025-07-20T02:47:09.786258,13,econometrics
9,10,college_medicine,college_physics,AB,A,A,True,,0.3014364242553711,127,2025-07-20T02:47:10.087732,9,college_medicine
10,9,college_physics,college_medicine,BA,A,A,True,,0.2057344913482666,128,2025-07-20T02:47:10.293500,10,college_physics
9,10,college_medicine,college_physics,AB,A,A,True,,0.27080225944519043,129,2025-07-20T02:47:10.564338,9,college_medicine
10,9,college_physics,college_medicine,BA,A,A,True,,0.33519458770751953,130,2025-07-20T02:47:10.899570,10,college_physics
9,11,college_medicine,computer_security,AB,A,A,True,,0.3340902328491211,131,2025-07-20T02:47:11.233696,9,college_medicine
11,9,computer_security,college_medicine,BA,A,A,True,,0.27893996238708496,132,2025-07-20T02:47:11.512670,11,computer_security
9,11,college_medicine,computer_security,AB,A,A,True,,0.2596566677093506,133,2025-07-20T02:47:11.772355,9,college_medicine
11,9,computer_security,college_medicine,BA,A,A,True,,0.2897670269012451,134,2025-07-20T02:47:12.062149,11,computer_security
9,12,college_medicine,conceptual_physics,AB,A,A,True,,0.2992055416107178,135,2025-07-20T02:47:12.361381,9,college_medicine
12,9,conceptual_physics,college_medicine,BA,A,A,True,,0.2510569095611572,136,2025-07-20T02:47:12.612469,12,conceptual_physics
9,13,college_medicine,econometrics,AB,A,A,True,,0.24784374237060547,137,2025-07-20T02:47:12.860348,9,college_medicine
13,9,econometrics,college_medicine,BA,A,A,True,,0.2929401397705078,138,2025-07-20T02:47:13.153324,13,econometrics
9,14,college_medicine,electrical_engineering,AB,A,A,True,,0.27412891387939453,139,2025-07-20T02:47:13.427488,9,college_medicine
14,9,electrical_engineering,college_medicine,BA,B,B,True,,0.2452402114868164,140,2025-07-20T02:47:13.672762,9,college_medicine
10,11,college_physics,computer_security,AB,A,A,True,,0.2947530746459961,141,2025-07-20T02:47:13.967549,10,college_physics
11,10,computer_security,college_physics,BA,A,A,True,,0.23086857795715332,142,2025-07-20T02:47:14.198449,11,computer_security
10,11,college_physics,computer_security,AB,A,A,True,,0.38432931900024414,143,2025-07-20T02:47:14.582805,10,college_physics
11,10,computer_security,college_physics,BA,A,A,True,,0.23096990585327148,144,2025-07-20T02:47:14.813799,11,computer_security
10,12,college_physics,conceptual_physics,AB,B,B,True,,0.23680543899536133,145,2025-07-20T02:47:15.050635,12,conceptual_physics
12,10,conceptual_physics,college_physics,BA,A,A,True,,0.341064453125,146,2025-07-20T02:47:15.391734,12,conceptual_physics
10,12,college_physics,conceptual_physics,AB,A,A,True,,0.192795991897583,147,2025-07-20T02:47:15.584565,10,college_physics
12,10,conceptual_physics,college_physics,BA,A,A,True,,0.2140798568725586,148,2025-07-20T02:47:15.798681,12,conceptual_physics
10,13,college_physics,econometrics,AB,B,B,True,,0.2463395595550537,149,2025-07-20T02:47:16.045057,13,econometrics
13,10,econometrics,college_physics,BA,A,A,True,,0.27402329444885254,150,2025-07-20T02:47:16.319120,13,econometrics
10,14,college_physics,electrical_engineering,AB,A,A,True,,0.23525476455688477,151,2025-07-20T02:47:16.554408,10,college_physics
14,10,electrical_engineering,college_physics,BA,B,B,True,,0.28191661834716797,152,2025-07-20T02:47:16.836351,10,college_physics
10,15,college_physics,elementary_mathematics,AB,B,B,True,,0.23724961280822754,153,2025-07-20T02:47:17.073628,15,elementary_mathematics
15,10,elementary_mathematics,college_physics,BA,A,A,True,,0.265094518661499,154,2025-07-20T02:47:17.338752,15,elementary_mathematics
11,12,computer_security,conceptual_physics,AB,A,A,True,,0.29282355308532715,155,2025-07-20T02:47:17.631610,11,computer_security
12,11,conceptual_physics,computer_security,BA,B,B,True,,0.3324565887451172,156,2025-07-20T02:47:17.964100,11,computer_security
11,12,computer_security,conceptual_physics,AB,A,A,True,,0.2660243511199951,157,2025-07-20T02:47:18.230156,11,computer_security
12,11,conceptual_physics,computer_security,BA,B,B,True,,0.22376036643981934,158,2025-07-20T02:47:18.453952,11,computer_security
11,13,computer_security,econometrics,AB,B,B,True,,0.2710001468658447,159,2025-07-20T02:47:18.724986,13,econometrics
13,11,econometrics,computer_security,BA,A,A,True,,0.2589075565338135,160,2025-07-20T02:47:18.983925,13,econometrics
11,13,computer_security,econometrics,AB,B,B,True,,0.22359871864318848,161,2025-07-20T02:47:19.207555,13,econometrics
13,11,econometrics,computer_security,BA,A,A,True,,0.26081180572509766,162,2025-07-20T02:47:19.468394,13,econometrics
11,14,computer_security,electrical_engineering,AB,A,A,True,,0.37938785552978516,163,2025-07-20T02:47:19.847811,11,computer_security
14,11,electrical_engineering,computer_security,BA,B,B,True,,0.34074997901916504,164,2025-07-20T02:47:20.188596,11,computer_security
11,15,computer_security,elementary_mathematics,AB,A,A,True,,0.29499387741088867,165,2025-07-20T02:47:20.483625,11,computer_security
15,11,elementary_mathematics,computer_security,BA,A,A,True,,0.2993144989013672,166,2025-07-20T02:47:20.782975,15,elementary_mathematics
11,16,computer_security,formal_logic,AB,B,B,True,,0.3749117851257324,167,2025-07-20T02:47:21.157924,16,formal_logic
16,11,formal_logic,computer_security,BA,A,A,True,,0.24573516845703125,168,2025-07-20T02:47:21.403696,16,formal_logic
12,13,conceptual_physics,econometrics,AB,B,B,True,,0.312713623046875,169,2025-07-20T02:47:21.716443,13,econometrics
13,12,econometrics,conceptual_physics,BA,A,A,True,,5.081533193588257,170,2025-07-20T02:47:26.798004,13,econometrics
12,13,conceptual_physics,econometrics,AB,B,B,True,,0.328204870223999,171,2025-07-20T02:47:27.126241,13,econometrics
13,12,econometrics,conceptual_physics,BA,A,A,True,,0.25800514221191406,172,2025-07-20T02:47:27.384273,13,econometrics
12,14,conceptual_physics,electrical_engineering,AB,A,A,True,,0.27815890312194824,173,2025-07-20T02:47:27.662463,12,conceptual_physics
14,12,electrical_engineering,conceptual_physics,BA,B,B,True,,0.3108839988708496,174,2025-07-20T02:47:27.973380,12,conceptual_physics
12,14,conceptual_physics,electrical_engineering,AB,A,A,True,,0.3084878921508789,175,2025-07-20T02:47:28.281900,12,conceptual_physics
14,12,electrical_engineering,conceptual_physics,BA,B,B,True,,0.25441455841064453,176,2025-07-20T02:47:28.536347,12,conceptual_physics
12,15,conceptual_physics,elementary_mathematics,AB,A,A,True,,0.26595067977905273,177,2025-07-20T02:47:28.802332,12,conceptual_physics
15,12,elementary_mathematics,conceptual_physics,BA,A,A,True,,0.2585275173187256,178,2025-07-20T02:47:29.060894,15,elementary_mathematics
12,16,conceptual_physics,formal_logic,AB,A,A,True,,0.28135037422180176,179,2025-07-20T02:47:29.342274,12,conceptual_physics
16,12,formal_logic,conceptual_physics,BA,A,A,True,,0.30921220779418945,180,2025-07-20T02:47:29.651512,16,formal_logic
12,17,conceptual_physics,global_facts,AB,A,A,True,,0.33122992515563965,181,2025-07-20T02:47:29.982770,12,conceptual_physics
17,12,global_facts,conceptual_physics,BA,A,A,True,,0.2750241756439209,182,2025-07-20T02:47:30.257830,17,global_facts
13,14,econometrics,electrical_engineering,AB,A,A,True,,0.28809332847595215,183,2025-07-20T02:47:30.545956,13,econometrics
14,13,electrical_engineering,econometrics,BA,B,B,True,,0.24413681030273438,184,2025-07-20T02:47:30.790125,13,econometrics
13,14,econometrics,electrical_engineering,AB,A,A,True,,0.2744910717010498,185,2025-07-20T02:47:31.064650,13,econometrics
14,13,electrical_engineering,econometrics,BA,B,B,True,,0.24971413612365723,186,2025-07-20T02:47:31.314395,13,econometrics
13,15,econometrics,elementary_mathematics,AB,A,A,True,,0.2841973304748535,187,2025-07-20T02:47:31.598624,13,econometrics
15,13,elementary_mathematics,econometrics,BA,A,A,True,,0.2165374755859375,188,2025-07-20T02:47:31.815190,15,elementary_mathematics
13,15,econometrics,elementary_mathematics,AB,A,A,True,,0.3041706085205078,189,2025-07-20T02:47:32.119387,13,econometrics
15,13,elementary_mathematics,econometrics,BA,A,A,True,,1.9539411067962646,190,2025-07-20T02:47:34.073359,15,elementary_mathematics
13,16,econometrics,formal_logic,AB,A,A,True,,0.29505205154418945,191,2025-07-20T02:47:34.368445,13,econometrics
16,13,formal_logic,econometrics,BA,A,A,True,,0.2663402557373047,192,2025-07-20T02:47:34.634819,16,formal_logic
13,17,econometrics,global_facts,AB,A,A,True,,0.2966916561126709,193,2025-07-20T02:47:34.931542,13,econometrics
17,13,global_facts,econometrics,BA,B,B,True,,0.2333230972290039,194,2025-07-20T02:47:35.164893,13,econometrics
13,18,econometrics,high_school_biology,AB,A,A,True,,0.2840859889984131,195,2025-07-20T02:47:35.449015,13,econometrics
18,13,high_school_biology,econometrics,BA,B,B,True,,0.251924991607666,196,2025-07-20T02:47:35.700977,13,econometrics
14,15,electrical_engineering,elementary_mathematics,AB,B,B,True,,0.22593164443969727,197,2025-07-20T02:47:35.926942,15,elementary_mathematics
15,14,elementary_mathematics,electrical_engineering,BA,A,A,True,,0.25978636741638184,198,2025-07-20T02:47:36.186759,15,elementary_mathematics
14,15,electrical_engineering,elementary_mathematics,AB,B,B,True,,0.355926513671875,199,2025-07-20T02:47:36.542720,15,elementary_mathematics
15,14,elementary_mathematics,electrical_engineering,BA,A,A,True,,0.24800658226013184,200,2025-07-20T02:47:36.790767,15,elementary_mathematics
14,16,electrical_engineering,formal_logic,AB,B,B,True,,0.21468567848205566,201,2025-07-20T02:47:37.005554,16,formal_logic
16,14,formal_logic,electrical_engineering,BA,A,A,True,,0.3150455951690674,202,2025-07-20T02:47:37.320642,16,formal_logic
14,16,electrical_engineering,formal_logic,AB,B,B,True,,0.29634642601013184,203,2025-07-20T02:47:37.617014,16,formal_logic
16,14,formal_logic,electrical_engineering,BA,A,A,True,,0.32102251052856445,204,2025-07-20T02:47:37.938065,16,formal_logic
14,17,electrical_engineering,global_facts,AB,A,A,True,,0.26753807067871094,205,2025-07-20T02:47:38.205637,14,electrical_engineering
17,14,global_facts,electrical_engineering,BA,A,A,True,,0.3387482166290283,206,2025-07-20T02:47:38.544435,17,global_facts
14,18,electrical_engineering,high_school_biology,AB,A,A,True,,0.22764158248901367,207,2025-07-20T02:47:38.772116,14,electrical_engineering
18,14,high_school_biology,electrical_engineering,BA,A,A,True,,0.27294397354125977,208,2025-07-20T02:47:39.045094,18,high_school_biology
14,19,electrical_engineering,high_school_chemistry,AB,A,A,True,,0.2450563907623291,209,2025-07-20T02:47:39.290183,14,electrical_engineering
19,14,high_school_chemistry,electrical_engineering,BA,A,A,True,,0.2903134822845459,210,2025-07-20T02:47:39.580522,19,high_school_chemistry
15,16,elementary_mathematics,formal_logic,AB,A,A,True,,0.3541536331176758,211,2025-07-20T02:47:39.934703,15,elementary_mathematics
16,15,formal_logic,elementary_mathematics,BA,A,A,True,,0.24722647666931152,212,2025-07-20T02:47:40.181956,16,formal_logic
15,16,elementary_mathematics,formal_logic,AB,A,A,True,,0.3675041198730469,213,2025-07-20T02:47:40.549491,15,elementary_mathematics
16,15,formal_logic,elementary_mathematics,BA,A,A,True,,0.23846435546875,214,2025-07-20T02:47:40.787995,16,formal_logic
15,17,elementary_mathematics,global_facts,AB,A,A,True,,0.4485616683959961,215,2025-07-20T02:47:41.236589,15,elementary_mathematics
17,15,global_facts,elementary_mathematics,BA,A,A,True,,0.2064988613128662,216,2025-07-20T02:47:41.443119,17,global_facts
15,17,elementary_mathematics,global_facts,AB,A,A,True,,0.24394011497497559,217,2025-07-20T02:47:41.687086,15,elementary_mathematics
17,15,global_facts,elementary_mathematics,BA,A,A,True,,0.3024253845214844,218,2025-07-20T02:47:41.989541,17,global_facts
15,18,elementary_mathematics,high_school_biology,AB,A,A,True,,0.28424978256225586,219,2025-07-20T02:47:42.273827,15,elementary_mathematics
18,15,high_school_biology,elementary_mathematics,BA,B,B,True,,0.22880053520202637,220,2025-07-20T02:47:42.502660,15,elementary_mathematics
15,19,elementary_mathematics,high_school_chemistry,AB,A,A,True,,0.30680084228515625,221,2025-07-20T02:47:42.809486,15,elementary_mathematics
19,15,high_school_chemistry,elementary_mathematics,BA,B,B,True,,0.2606837749481201,222,2025-07-20T02:47:43.070201,15,elementary_mathematics
15,20,elementary_mathematics,high_school_computer_science,AB,A,A,True,,0.31636953353881836,223,2025-07-20T02:47:43.386607,15,elementary_mathematics
20,15,high_school_computer_science,elementary_mathematics,BA,A,A,True,,1.2162201404571533,224,2025-07-20T02:47:44.602861,20,high_school_computer_science
16,17,formal_logic,global_facts,AB,A,A,True,,0.2388603687286377,225,2025-07-20T02:47:44.841758,16,formal_logic
17,16,global_facts,formal_logic,BA,A,A,True,,0.2178056240081787,226,2025-07-20T02:47:45.059594,17,global_facts
16,17,formal_logic,global_facts,AB,A,A,True,,0.26514673233032227,227,2025-07-20T02:47:45.324768,16,formal_logic
17,16,global_facts,formal_logic,BA,A,A,True,,0.32976722717285156,228,2025-07-20T02:47:45.654561,17,global_facts
16,18,formal_logic,high_school_biology,AB,A,A,True,,0.30222344398498535,229,2025-07-20T02:47:45.956813,16,formal_logic
18,16,high_school_biology,formal_logic,BA,B,B,True,,0.3486137390136719,230,2025-07-20T02:47:46.305458,16,formal_logic
16,18,formal_logic,high_school_biology,AB,A,A,True,,0.2939620018005371,231,2025-07-20T02:47:46.599454,16,formal_logic
18,16,high_school_biology,formal_logic,BA,B,B,True,,0.3285691738128662,232,2025-07-20T02:47:46.928055,16,formal_logic
16,19,formal_logic,high_school_chemistry,AB,A,A,True,,0.2764549255371094,233,2025-07-20T02:47:47.204542,16,formal_logic
19,16,high_school_chemistry,formal_logic,BA,B,B,True,,0.24440431594848633,234,2025-07-20T02:47:47.448981,16,formal_logic
16,20,formal_logic,high_school_computer_science,AB,A,A,True,,0.25904178619384766,235,2025-07-20T02:47:47.708054,16,formal_logic
20,16,high_school_computer_science,formal_logic,BA,A,A,True,,0.3565211296081543,236,2025-07-20T02:47:48.064603,20,high_school_computer_science
16,21,formal_logic,high_school_european_history,AB,A,A,True,,0.26233649253845215,237,2025-07-20T02:47:48.326970,16,formal_logic
21,16,high_school_european_history,formal_logic,BA,B,B,True,,0.3206021785736084,238,2025-07-20T02:47:48.647607,16,formal_logic
17,18,global_facts,high_school_biology,AB,A,A,True,,0.31256747245788574,239,2025-07-20T02:47:48.960208,17,global_facts
18,17,high_school_biology,global_facts,BA,B,B,True,,0.27480077743530273,240,2025-07-20T02:47:49.235042,17,global_facts
17,18,global_facts,high_school_biology,AB,A,A,True,,0.3594086170196533,241,2025-07-20T02:47:49.594487,17,global_facts
18,17,high_school_biology,global_facts,BA,B,B,True,,0.2783322334289551,242,2025-07-20T02:47:49.872854,17,global_facts
17,19,global_facts,high_school_chemistry,AB,A,A,True,,0.2675800323486328,243,2025-07-20T02:47:50.140464,17,global_facts
19,17,high_school_chemistry,global_facts,BA,B,B,True,,0.320941686630249,244,2025-07-20T02:47:50.461431,17,global_facts
17,19,global_facts,high_school_chemistry,AB,A,A,True,,0.22583580017089844,245,2025-07-20T02:47:50.687292,17,global_facts
19,17,high_school_chemistry,global_facts,BA,B,B,True,,0.2232496738433838,246,2025-07-20T02:47:50.910573,17,global_facts
17,20,global_facts,high_school_computer_science,AB,A,A,True,,0.27814221382141113,247,2025-07-20T02:47:51.188752,17,global_facts
20,17,high_school_computer_science,global_facts,BA,A,A,True,,0.3117945194244385,248,2025-07-20T02:47:51.500577,20,high_school_computer_science
17,21,global_facts,high_school_european_history,AB,A,A,True,,0.26117610931396484,249,2025-07-20T02:47:51.761782,17,global_facts
21,17,high_school_european_history,global_facts,BA,B,B,True,,0.387958288192749,250,2025-07-20T02:47:52.149773,17,global_facts
17,22,global_facts,high_school_geography,AB,A,A,True,,0.2591068744659424,251,2025-07-20T02:47:52.408913,17,global_facts
22,17,high_school_geography,global_facts,BA,B,B,True,,0.29176807403564453,252,2025-07-20T02:47:52.700708,17,global_facts
18,19,high_school_biology,high_school_chemistry,AB,A,A,True,,0.23917174339294434,253,2025-07-20T02:47:52.939907,18,high_school_biology
19,18,high_school_chemistry,high_school_biology,BA,B,B,True,,0.2806262969970703,254,2025-07-20T02:47:53.220562,18,high_school_biology
18,19,high_school_biology,high_school_chemistry,AB,A,A,True,,0.6085267066955566,255,2025-07-20T02:47:53.829129,18,high_school_biology
19,18,high_school_chemistry,high_school_biology,BA,B,B,True,,0.23094487190246582,256,2025-07-20T02:47:54.060109,18,high_school_biology
18,20,high_school_biology,high_school_computer_science,AB,B,B,True,,0.23977136611938477,257,2025-07-20T02:47:54.299916,20,high_school_computer_science
20,18,high_school_computer_science,high_school_biology,BA,A,A,True,,0.3481101989746094,258,2025-07-20T02:47:54.648062,20,high_school_computer_science
18,20,high_school_biology,high_school_computer_science,AB,B,B,True,,0.2520864009857178,259,2025-07-20T02:47:54.900186,20,high_school_computer_science
20,18,high_school_computer_science,high_school_biology,BA,A,A,True,,0.2190999984741211,260,2025-07-20T02:47:55.119321,20,high_school_computer_science
18,21,high_school_biology,high_school_european_history,AB,A,A,True,,0.2872753143310547,261,2025-07-20T02:47:55.406627,18,high_school_biology
21,18,high_school_european_history,high_school_biology,BA,A,A,True,,0.350999116897583,262,2025-07-20T02:47:55.757673,21,high_school_european_history
18,22,high_school_biology,high_school_geography,AB,A,A,True,,0.30475282669067383,263,2025-07-20T02:47:56.062465,18,high_school_biology
22,18,high_school_geography,high_school_biology,BA,B,B,True,,0.24399805068969727,264,2025-07-20T02:47:56.306496,18,high_school_biology
18,23,high_school_biology,high_school_government_and_politics,AB,B,B,True,,0.3538546562194824,265,2025-07-20T02:47:56.660386,23,high_school_government_and_politics
23,18,high_school_government_and_politics,high_school_biology,BA,A,A,True,,0.3013780117034912,266,2025-07-20T02:47:56.961800,23,high_school_government_and_politics
19,20,high_school_chemistry,high_school_computer_science,AB,B,B,True,,0.22259807586669922,267,2025-07-20T02:47:57.184436,20,high_school_computer_science
20,19,high_school_computer_science,high_school_chemistry,BA,A,A,True,,0.2187211513519287,268,2025-07-20T02:47:57.403198,20,high_school_computer_science
19,20,high_school_chemistry,high_school_computer_science,AB,B,B,True,,0.3228724002838135,269,2025-07-20T02:47:57.726101,20,high_school_computer_science
20,19,high_school_computer_science,high_school_chemistry,BA,A,A,True,,0.20446467399597168,270,2025-07-20T02:47:57.930598,20,high_school_computer_science
19,21,high_school_chemistry,high_school_european_history,AB,A,A,True,,0.26964807510375977,271,2025-07-20T02:47:58.200272,19,high_school_chemistry
21,19,high_school_european_history,high_school_chemistry,BA,A,A,True,,0.4386615753173828,272,2025-07-20T02:47:58.638963,21,high_school_european_history
19,21,high_school_chemistry,high_school_european_history,AB,A,A,True,,0.2610757350921631,273,2025-07-20T02:47:58.900072,19,high_school_chemistry
21,19,high_school_european_history,high_school_chemistry,BA,A,A,True,,0.9517951011657715,274,2025-07-20T02:47:59.851898,21,high_school_european_history
19,22,high_school_chemistry,high_school_geography,AB,A,A,True,,0.21074724197387695,275,2025-07-20T02:48:00.062680,19,high_school_chemistry
22,19,high_school_geography,high_school_chemistry,BA,B,B,True,,0.26693272590637207,276,2025-07-20T02:48:00.329669,19,high_school_chemistry
19,23,high_school_chemistry,high_school_government_and_politics,AB,A,A,True,,0.21754789352416992,277,2025-07-20T02:48:00.547247,19,high_school_chemistry
23,19,high_school_government_and_politics,high_school_chemistry,BA,A,A,True,,0.29311561584472656,278,2025-07-20T02:48:00.840387,23,high_school_government_and_politics
19,24,high_school_chemistry,high_school_macroeconomics,AB,A,A,True,,0.39722537994384766,279,2025-07-20T02:48:01.237640,19,high_school_chemistry
24,19,high_school_macroeconomics,high_school_chemistry,BA,A,A,True,,0.2812492847442627,280,2025-07-20T02:48:01.518936,24,high_school_macroeconomics
20,21,high_school_computer_science,high_school_european_history,AB,A,A,True,,0.20860886573791504,281,2025-07-20T02:48:01.727576,20,high_school_computer_science
21,20,high_school_european_history,high_school_computer_science,BA,A,A,True,,0.2795872688293457,282,2025-07-20T02:48:02.007196,21,high_school_european_history
20,21,high_school_computer_science,high_school_european_history,AB,A,A,True,,0.31114983558654785,283,2025-07-20T02:48:02.318380,20,high_school_computer_science
21,20,high_school_european_history,high_school_computer_science,BA,A,A,True,,0.27338123321533203,284,2025-07-20T02:48:02.591798,21,high_school_european_history
20,22,high_school_computer_science,high_school_geography,AB,A,A,True,,0.21616506576538086,285,2025-07-20T02:48:02.807999,20,high_school_computer_science
22,20,high_school_geography,high_school_computer_science,BA,B,B,True,,0.25629305839538574,286,2025-07-20T02:48:03.064323,20,high_school_computer_science
20,22,high_school_computer_science,high_school_geography,AB,A,A,True,,0.2077491283416748,287,2025-07-20T02:48:03.272097,20,high_school_computer_science
22,20,high_school_geography,high_school_computer_science,BA,B,B,True,,0.2388749122619629,288,2025-07-20T02:48:03.510996,20,high_school_computer_science
20,23,high_school_computer_science,high_school_government_and_politics,AB,A,A,True,,0.25974106788635254,289,2025-07-20T02:48:03.770767,20,high_school_computer_science
23,20,high_school_government_and_politics,high_school_computer_science,BA,A,A,True,,0.4425218105316162,290,2025-07-20T02:48:04.213326,23,high_school_government_and_politics
20,24,high_school_computer_science,high_school_macroeconomics,AB,A,A,True,,0.22777676582336426,291,2025-07-20T02:48:04.441137,20,high_school_computer_science
24,20,high_school_macroeconomics,high_school_computer_science,BA,B,B,True,,0.2914116382598877,292,2025-07-20T02:48:04.732584,20,high_school_computer_science
20,25,high_school_computer_science,high_school_mathematics,AB,A,A,True,,0.3746638298034668,293,2025-07-20T02:48:05.107282,20,high_school_computer_science
25,20,high_school_mathematics,high_school_computer_science,BA,A,A,True,,0.2675962448120117,294,2025-07-20T02:48:05.374914,25,high_school_mathematics
21,22,high_school_european_history,high_school_geography,AB,A,A,True,,0.31190037727355957,295,2025-07-20T02:48:05.686849,21,high_school_european_history
22,21,high_school_geography,high_school_european_history,BA,B,B,True,,0.4268014430999756,296,2025-07-20T02:48:06.113678,21,high_school_european_history
21,22,high_school_european_history,high_school_geography,AB,A,A,True,,0.2927522659301758,297,2025-07-20T02:48:06.406460,21,high_school_european_history
22,21,high_school_geography,high_school_european_history,BA,B,B,True,,0.2692441940307617,298,2025-07-20T02:48:06.675741,21,high_school_european_history
21,23,high_school_european_history,high_school_government_and_politics,AB,A,A,True,,0.3178119659423828,299,2025-07-20T02:48:06.993591,21,high_school_european_history
23,21,high_school_government_and_politics,high_school_european_history,BA,A,A,True,,0.28156399726867676,300,2025-07-20T02:48:07.275193,23,high_school_government_and_politics
21,23,high_school_european_history,high_school_government_and_politics,AB,A,A,True,,0.24377989768981934,301,2025-07-20T02:48:07.519101,21,high_school_european_history
23,21,high_school_government_and_politics,high_school_european_history,BA,A,A,True,,0.20220327377319336,302,2025-07-20T02:48:07.721338,23,high_school_government_and_politics
21,24,high_school_european_history,high_school_macroeconomics,AB,A,A,True,,0.3197033405303955,303,2025-07-20T02:48:08.041080,21,high_school_european_history
24,21,high_school_macroeconomics,high_school_european_history,BA,A,A,True,,0.25783872604370117,304,2025-07-20T02:48:08.298950,24,high_school_macroeconomics
21,25,high_school_european_history,high_school_mathematics,AB,A,A,True,,1.1850976943969727,305,2025-07-20T02:48:09.484077,21,high_school_european_history
25,21,high_school_mathematics,high_school_european_history,BA,A,A,True,,0.30920863151550293,306,2025-07-20T02:48:09.793324,25,high_school_mathematics
21,26,high_school_european_history,high_school_microeconomics,AB,A,A,True,,0.2748606204986572,307,2025-07-20T02:48:10.068218,21,high_school_european_history
26,21,high_school_microeconomics,high_school_european_history,BA,A,A,True,,0.22196745872497559,308,2025-07-20T02:48:10.290221,26,high_school_microeconomics
22,23,high_school_geography,high_school_government_and_politics,AB,B,B,True,,1.250748872756958,309,2025-07-20T02:48:11.541000,23,high_school_government_and_politics
23,22,high_school_government_and_politics,high_school_geography,BA,A,A,True,,0.3388099670410156,310,2025-07-20T02:48:11.879846,23,high_school_government_and_politics
22,23,high_school_geography,high_school_government_and_politics,AB,B,B,True,,0.27524781227111816,311,2025-07-20T02:48:12.155129,23,high_school_government_and_politics
23,22,high_school_government_and_politics,high_school_geography,BA,A,A,True,,0.29428982734680176,312,2025-07-20T02:48:12.449453,23,high_school_government_and_politics
22,24,high_school_geography,high_school_macroeconomics,AB,A,A,True,,0.21900272369384766,313,2025-07-20T02:48:12.668490,22,high_school_geography
24,22,high_school_macroeconomics,high_school_geography,BA,A,A,True,,0.24768829345703125,314,2025-07-20T02:48:12.916213,24,high_school_macroeconomics
22,24,high_school_geography,high_school_macroeconomics,AB,A,A,True,,0.2263782024383545,315,2025-07-20T02:48:13.142625,22,high_school_geography
24,22,high_school_macroeconomics,high_school_geography,BA,A,A,True,,0.27562499046325684,316,2025-07-20T02:48:13.418281,24,high_school_macroeconomics
22,25,high_school_geography,high_school_mathematics,AB,B,B,True,,0.33920764923095703,317,2025-07-20T02:48:13.757514,25,high_school_mathematics
25,22,high_school_mathematics,high_school_geography,BA,A,A,True,,0.34091997146606445,318,2025-07-20T02:48:14.098465,25,high_school_mathematics
22,26,high_school_geography,high_school_microeconomics,AB,B,B,True,,0.23903155326843262,319,2025-07-20T02:48:14.337532,26,high_school_microeconomics
26,22,high_school_microeconomics,high_school_geography,BA,A,A,True,,0.28412890434265137,320,2025-07-20T02:48:14.621694,26,high_school_microeconomics
22,27,high_school_geography,high_school_physics,AB,B,B,True,,0.24383068084716797,321,2025-07-20T02:48:14.865559,27,high_school_physics
27,22,high_school_physics,high_school_geography,BA,A,A,True,,0.3007950782775879,322,2025-07-20T02:48:15.166389,27,high_school_physics
23,24,high_school_government_and_politics,high_school_macroeconomics,AB,A,A,True,,0.2416093349456787,323,2025-07-20T02:48:15.408033,23,high_school_government_and_politics
24,23,high_school_macroeconomics,high_school_government_and_politics,BA,B,B,True,,0.26370668411254883,324,2025-07-20T02:48:15.671776,23,high_school_government_and_politics
23,24,high_school_government_and_politics,high_school_macroeconomics,AB,A,A,True,,0.25572896003723145,325,2025-07-20T02:48:15.927537,23,high_school_government_and_politics
24,23,high_school_macroeconomics,high_school_government_and_politics,BA,B,B,True,,0.28691768646240234,326,2025-07-20T02:48:16.214484,23,high_school_government_and_politics
23,25,high_school_government_and_politics,high_school_mathematics,AB,A,A,True,,0.3154408931732178,327,2025-07-20T02:48:16.529952,23,high_school_government_and_politics
25,23,high_school_mathematics,high_school_government_and_politics,BA,A,A,True,,0.29392552375793457,328,2025-07-20T02:48:16.823904,25,high_school_mathematics
23,25,high_school_government_and_politics,high_school_mathematics,AB,A,A,True,,0.2987935543060303,329,2025-07-20T02:48:17.122735,23,high_school_government_and_politics
25,23,high_school_mathematics,high_school_government_and_politics,BA,A,A,True,,0.22386717796325684,330,2025-07-20T02:48:17.346637,25,high_school_mathematics
23,26,high_school_government_and_politics,high_school_microeconomics,AB,A,A,True,,0.33678412437438965,331,2025-07-20T02:48:17.683454,23,high_school_government_and_politics
26,23,high_school_microeconomics,high_school_government_and_politics,BA,A,A,True,,0.2624967098236084,332,2025-07-20T02:48:17.945980,26,high_school_microeconomics
23,27,high_school_government_and_politics,high_school_physics,AB,A,A,True,,0.30097460746765137,333,2025-07-20T02:48:18.246989,23,high_school_government_and_politics
27,23,high_school_physics,high_school_government_and_politics,BA,B,B,True,,0.35713744163513184,334,2025-07-20T02:48:18.604160,23,high_school_government_and_politics
23,28,high_school_government_and_politics,high_school_psychology,AB,A,A,True,,0.27194929122924805,335,2025-07-20T02:48:18.876140,23,high_school_government_and_politics
28,23,high_school_psychology,high_school_government_and_politics,BA,B,B,True,,0.21519231796264648,336,2025-07-20T02:48:19.091358,23,high_school_government_and_politics
24,25,high_school_macroeconomics,high_school_mathematics,AB,B,B,True,,0.3358747959136963,337,2025-07-20T02:48:19.427265,25,high_school_mathematics
25,24,high_school_mathematics,high_school_macroeconomics,BA,A,A,True,,0.36200785636901855,338,2025-07-20T02:48:19.789311,25,high_school_mathematics
24,25,high_school_macroeconomics,high_school_mathematics,AB,B,B,True,,0.34363889694213867,339,2025-07-20T02:48:20.132984,25,high_school_mathematics
25,24,high_school_mathematics,high_school_macroeconomics,BA,A,A,True,,0.24155926704406738,340,2025-07-20T02:48:20.374579,25,high_school_mathematics
24,26,high_school_macroeconomics,high_school_microeconomics,AB,B,B,True,,0.2908477783203125,341,2025-07-20T02:48:20.665463,26,high_school_microeconomics
26,24,high_school_microeconomics,high_school_macroeconomics,BA,A,A,True,,0.2680320739746094,342,2025-07-20T02:48:20.933527,26,high_school_microeconomics
24,26,high_school_macroeconomics,high_school_microeconomics,AB,B,B,True,,0.2964801788330078,343,2025-07-20T02:48:21.230037,26,high_school_microeconomics
26,24,high_school_microeconomics,high_school_macroeconomics,BA,A,A,True,,0.28986454010009766,344,2025-07-20T02:48:21.519927,26,high_school_microeconomics
24,27,high_school_macroeconomics,high_school_physics,AB,A,A,True,,0.2737717628479004,345,2025-07-20T02:48:21.793728,24,high_school_macroeconomics
27,24,high_school_physics,high_school_macroeconomics,BA,A,A,True,,0.21699118614196777,346,2025-07-20T02:48:22.010757,27,high_school_physics
24,28,high_school_macroeconomics,high_school_psychology,AB,B,B,True,,0.23874783515930176,347,2025-07-20T02:48:22.249542,28,high_school_psychology
28,24,high_school_psychology,high_school_macroeconomics,BA,A,A,True,,0.29042744636535645,348,2025-07-20T02:48:22.540005,28,high_school_psychology
24,29,high_school_macroeconomics,high_school_statistics,AB,B,B,True,,0.2569139003753662,349,2025-07-20T02:48:22.796952,29,high_school_statistics
29,24,high_school_statistics,high_school_macroeconomics,BA,A,A,True,,0.30811023712158203,350,2025-07-20T02:48:23.105101,29,high_school_statistics
25,26,high_school_mathematics,high_school_microeconomics,AB,A,A,True,,0.3018648624420166,351,2025-07-20T02:48:23.407002,25,high_school_mathematics
26,25,high_school_microeconomics,high_school_mathematics,BA,A,A,True,,0.29300975799560547,352,2025-07-20T02:48:23.700042,26,high_school_microeconomics
25,26,high_school_mathematics,high_school_microeconomics,AB,A,A,True,,0.3640310764312744,353,2025-07-20T02:48:24.064099,25,high_school_mathematics
26,25,high_school_microeconomics,high_school_mathematics,BA,A,A,True,,0.2888484001159668,354,2025-07-20T02:48:24.352977,26,high_school_microeconomics
25,27,high_school_mathematics,high_school_physics,AB,A,A,True,,0.19402599334716797,355,2025-07-20T02:48:24.547042,25,high_school_mathematics
27,25,high_school_physics,high_school_mathematics,BA,B,B,True,,0.23837018013000488,356,2025-07-20T02:48:24.785447,25,high_school_mathematics
25,27,high_school_mathematics,high_school_physics,AB,A,A,True,,0.22645902633666992,357,2025-07-20T02:48:25.011942,25,high_school_mathematics
27,25,high_school_physics,high_school_mathematics,BA,B,B,True,,0.22119426727294922,358,2025-07-20T02:48:25.233168,25,high_school_mathematics
25,28,high_school_mathematics,high_school_psychology,AB,A,A,True,,0.3134114742279053,359,2025-07-20T02:48:25.546614,25,high_school_mathematics
28,25,high_school_psychology,high_school_mathematics,BA,A,A,True,,0.23552894592285156,360,2025-07-20T02:48:25.782179,28,high_school_psychology
25,29,high_school_mathematics,high_school_statistics,AB,A,A,True,,0.3450279235839844,361,2025-07-20T02:48:26.127241,25,high_school_mathematics
29,25,high_school_statistics,high_school_mathematics,BA,A,A,True,,0.2861745357513428,362,2025-07-20T02:48:26.413445,29,high_school_statistics
26,27,high_school_microeconomics,high_school_physics,AB,A,A,True,,0.2846653461456299,363,2025-07-20T02:48:26.698139,26,high_school_microeconomics
27,26,high_school_physics,high_school_microeconomics,BA,A,A,True,,0.24042105674743652,364,2025-07-20T02:48:26.938589,27,high_school_physics
26,27,high_school_microeconomics,high_school_physics,AB,A,A,True,,0.2954428195953369,365,2025-07-20T02:48:27.234066,26,high_school_microeconomics
27,26,high_school_physics,high_school_microeconomics,BA,A,A,True,,0.29053544998168945,366,2025-07-20T02:48:27.524633,27,high_school_physics
26,28,high_school_microeconomics,high_school_psychology,AB,A,A,True,,0.2874424457550049,367,2025-07-20T02:48:27.812113,26,high_school_microeconomics
28,26,high_school_psychology,high_school_microeconomics,BA,A,A,True,,0.3308143615722656,368,2025-07-20T02:48:28.142963,28,high_school_psychology
26,28,high_school_microeconomics,high_school_psychology,AB,A,A,True,,0.2739558219909668,369,2025-07-20T02:48:28.416950,26,high_school_microeconomics
28,26,high_school_psychology,high_school_microeconomics,BA,A,A,True,,0.9712114334106445,370,2025-07-20T02:48:29.388194,28,high_school_psychology
26,29,high_school_microeconomics,high_school_statistics,AB,A,A,True,,0.21545004844665527,371,2025-07-20T02:48:29.603671,26,high_school_microeconomics
29,26,high_school_statistics,high_school_microeconomics,BA,A,A,True,,0.35904669761657715,372,2025-07-20T02:48:29.962744,29,high_school_statistics
27,28,high_school_physics,high_school_psychology,AB,A,A,True,,0.2726104259490967,373,2025-07-20T02:48:30.235386,27,high_school_physics
28,27,high_school_psychology,high_school_physics,BA,A,A,True,,0.5278408527374268,374,2025-07-20T02:48:30.763261,28,high_school_psychology
27,28,high_school_physics,high_school_psychology,AB,A,A,True,,0.3247199058532715,375,2025-07-20T02:48:31.088014,27,high_school_physics
28,27,high_school_psychology,high_school_physics,BA,A,A,True,,0.20708513259887695,376,2025-07-20T02:48:31.295134,28,high_school_psychology
27,29,high_school_physics,high_school_statistics,AB,A,A,True,,0.49605727195739746,377,2025-07-20T02:48:31.791222,27,high_school_physics
29,27,high_school_statistics,high_school_physics,BA,A,A,True,,0.39518165588378906,378,2025-07-20T02:48:32.186433,29,high_school_statistics
27,29,high_school_physics,high_school_statistics,AB,A,A,True,,0.27718186378479004,379,2025-07-20T02:48:32.463651,27,high_school_physics
29,27,high_school_statistics,high_school_physics,BA,A,A,True,,0.28669071197509766,380,2025-07-20T02:48:32.750375,29,high_school_statistics
28,29,high_school_psychology,high_school_statistics,AB,A,A,True,,0.2760183811187744,381,2025-07-20T02:48:33.026421,28,high_school_psychology
29,28,high_school_statistics,high_school_psychology,BA,A,A,True,,0.24851250648498535,382,2025-07-20T02:48:33.274968,29,high_school_statistics
28,29,high_school_psychology,high_school_statistics,AB,A,A,True,,0.3428161144256592,383,2025-07-20T02:48:33.617817,28,high_school_psychology
29,28,high_school_statistics,high_school_psychology,BA,A,A,True,,0.2589609622955322,384,2025-07-20T02:48:33.876814,29,high_school_statistics
